"Reference","Value","Datasheet","Footprint","Qty","DNP"
"C1,C6,C23,C36,C37,C44,C51,C60,C61,C66,C67,C72,C73,C78,C79,C85,C93,C95,C98,C99,C101,C104,C105,C107,C108,C109,C111,C112,C113,C114,C115,C121,C122,C124,C125,C129,C130,C132,C133,C134,C135,C136","0.1u","~","Capacitor_SMD:C_0402_1005Metric,Capacitor_SMD:C_0402_1005Metric_Pad0.74x0.62mm_HandSolder,Capacitor_SMD:C_1206_3216Metric","42",""
"C2","1000u","https://www.lcsc.com/product-detail/Aluminum-Electrolytic-Capacitors-SMD_PANASONIC-EEEFK1V152AV_C178561.html","Capacitor_SMD:CP_Elec_16x17.5","1","DNP"
"C3,C4,C5,C9,C10,C15,C16,C17,C18,C19,C27,C28,C29,C33,C34,C40,C41,C50,C53,C54,C55,C57,C58,C59,C63,C64,C65,C69,C70,C71,C75,C76,C77,C86,C92,C106,C110,C118,C139,C140","10u","https://www.lcsc.com/product-detail/Multilayer-Ceramic-Capacitors-MLCC-SMD-SMT_Samsung-Electro-Mechanics-CL31B106KBHNNNE_C89632.html,~","Capacitor_SMD:C_0402_1005Metric_Pad0.74x0.62mm_HandSolder,Capacitor_SMD:C_1206_3216Metric,Capacitor_SMD:C_1206_3216Metric_Pad1.33x1.80mm_HandSolder","40",""
"C7,C52,C56,C62,C68,C74","1000u","https://www.lcsc.com/product-detail/Aluminum-Electrolytic-Capacitors-SMD_PANASONIC-EEEFK1V152AV_C178561.html","Capacitor_SMD:CP_Elec_16x17.5","6",""
"C11","10u","~","Capacitor_SMD:C_0402_1005Metric","1","DNP"
"C12,C13,C14,C24,C25,C138","100u","https://jlcpcb.com/partdetail/C125975,https://www.lcsc.com/product-detail/Aluminum-Electrolytic-Capacitors-SMD_FOLLON-UWT1V101MCL1GS-FVH_C33129627.html?s_z=n_UWT1V101MCL1GS,https://www.lcsc.com/product-detail/C125975.html","Capacitor_SMD:CP_Elec_6.3x7.7,Capacitor_SMD:C_Elec_6.3x7.7","6",""
"C21,C22","220p","~","Capacitor_SMD:C_0402_1005Metric_Pad0.74x0.62mm_HandSolder","2","DNP"
"C26","47u","https://www.lcsc.com/product-detail/Multilayer-Ceramic-Capacitors-MLCC-SMD-SMT_PSA-Prosperity-Dielectrics-FS55X476K250LRG_C22388555.html","Capacitor_SMD:C_2220_5750Metric","1","DNP"
"C30","100n","~","Capacitor_SMD:C_0402_1005Metric","1",""
"C38,C94,C97,C100,C102,C103,C119","1u","~","Capacitor_SMD:C_0402_1005Metric,Capacitor_SMD:C_0402_1005Metric_Pad0.74x0.62mm_HandSolder","7",""
"C46,C84","4.7u","~","Capacitor_SMD:C_0402_1005Metric,Capacitor_SMD:C_0402_1005Metric_Pad0.74x0.62mm_HandSolder","2",""
"C47,C80,C83,C87,C88,C89,C90,C91,C96,C117","0.01u","~","Capacitor_SMD:C_0402_1005Metric,Capacitor_SMD:C_0402_1005Metric_Pad0.74x0.62mm_HandSolder","10",""
"C48","100P","~","Capacitor_SMD:C_0402_1005Metric","1",""
"C49","4700P","~","Capacitor_SMD:C_0402_1005Metric","1",""
"C81,C82,C116","220uF","~","Capacitor_SMD:C_1210_3225Metric_Pad1.33x2.70mm_HandSolder","3",""
"C120,C126,C127,C128","47u","~","Capacitor_SMD:CP_Elec_6.3x7.7","4",""
"C123,C131","0.47u","~","Capacitor_SMD:C_1206_3216Metric","2",""
"C137","3300p","~","Capacitor_SMD:C_0402_1005Metric","1",""
"D1,D3,D9,D11,D13,D15,D17","SMA6T30CAY","https://www.st.com/resource/en/datasheet/sma6ty.pdf","SamacSys_Parts:DIONM5126X265N","7",""
"D2,D4,D10,D12,D14,D16,D43,D44,D45,D46","LED","~","LED_SMD:LED_1206_3216Metric_Pad1.42x1.75mm_HandSolder","10",""
"D5,D18","SS34","https://www.vishay.com/docs/88751/ss32.pdf","Diode_SMD:D_SMA","2",""
"D6,D7,D19,D20","SD101AWS-7-F","https://4donline.ihs.com/images/VipMasterIC/IC/DIOD/DIODS14401/DIODS14401-1.pdf?hkey=6D3A4C79FDBF58556ACFDE234799DDF0","Diode_SMD:D_SOD-323","4",""
"D8","D_Zener","~","Diode_SMD:D_SOD-523","1","DNP"
"D21,D23,D25,D26,D27,D28,D29,D30,D31,D32,D33,D34,D35,D36,D37,D38,D39,D40","LESD5D5.0CT1G","~","Diode_SMD:D_SOD-523","18",""
"D22","WS2812B","https://cdn-shop.adafruit.com/datasheets/WS2812B.pdf","LED_SMD:LED_WS2812B-Mini_PLCC4_3.5x3.5mm","1",""
"D24","1N4148WT","https://www.diodes.com/assets/Datasheets/ds30396.pdf","Diode_SMD:D_SOD-123","1",""
"D41,D42","FUXINSEMI DSK110","https://www.lcsc.com/product-detail/C908227.html","Diode_SMD:D_SOD-123","2",""
"D47","BZX84C5V1LT1G","https://www.onsemi.com/download/data-sheet/pdf/bzx84c2v4lt1-d.pdf","Package_TO_SOT_SMD:SOT-23","1",""
"D48","ESD_doble_common_anode","https://www.st.com/resource/en/datasheet/esdal.pdf","Package_TO_SOT_SMD:SOT-23-3","1",""
"DS1","OLED-128O064D","https://www.vishay.com/docs/37902/oled128o064dbpp3n00000.pdf","SamacSys_Parts:OLED-128O064D","1",""
"F1,F2,F3,F4,F5,F6,F7","Fuse","~","SamacSys_Parts:01000063Z","7",""
"FB1","FerriteBead","~","","1",""
"H1,H2,H3,H4,H5,H6","SMTSO3030CTJ","https://datasheet.lcsc.com/lcsc/2112061830_Sinhoo-SMTSO3030CTJ_C2915308.pdf","SamacSys_Parts:SMTSO3030CTJ","6",""
"IC1","TPS55288RPMR","https://www.ti.com/lit/ds/symlink/tps55288.pdf","SamacSys_Parts:TPS55288RPMR","1",""
"IC2","TPS5450DDAR","http://www.ti.com/general/docs/suppproductinfo.tsp?distId=10&gotoUrl=http%3A%2F%2Fwww.ti.com%2Flit%2Fgpn%2Ftps5450","SamacSys_Parts:SOIC127P600X170-9N","1",""
"IC3","BQ25756RRVR","https://www.ti.com/lit/ds/symlink/bq25756.pdf","QFN50P500X600X100-37N-D","1",""
"IC4","BQ34Z100PWR-R2","https://www.ti.com/lit/ds/symlink/bq34z100-r2.pdf","SOP65P640X120-14N","1",""
"J1","5442206","http://www.phoenixcontact.net/product/5442206","TerminalBlock_Phoenix:TerminalBlock_Phoenix_MKDS-1,5-2-5.08_1x02_P5.08mm_Horizontal","1",""
"J2","STB1001V-7.62-10","https://www.summit-electronics.com/public/attachments/Terminal Blocks/Datasheets/STB1001V-7.62-XX.pdf","SamacSys_Parts:SHDR10W100P0X762_1X10_7620X860X1200P","1",""
"J3","Conn_01x06_BurnESPserial","~","Connector_PinHeader_2.54mm:PinHeader_1x06_P2.54mm_Vertical","1",""
"J4","USB_C_Receptacle_USB2.0_16P","https://www.usb.org/sites/default/files/documents/usb_type-c.zip","Connector_USB:USB_C_Receptacle_Palconn_UTC16-G","1",""
"J5","Micro_SD_Card","https://www.we-online.com/components/products/datasheet/693072010801.pdf","SamacSys_Parts:TF01A","1",""
"J6,J7","USB_A","~","Connector_USB:USB_A_Connfly_DS1095","2",""
"L1","6.1uH","https://www.lcsc.com/product-detail/Power-Inductors_Sumida-CDEP147NP-6R1MC-95_C2454102.html?s_z=n_Coilcraft%2520XAL1010-102ME","SamacSys_Parts:CDEP147NP6R1MC95","1",""
"L2","6.8uH","https://www.lcsc.com/product-detail/Power-Inductors_XR-XR1365-6R8M_C41384064.html","SamacSys_Parts:L_12.6x13.5mm","1","DNP"
"L3","6.8uH","https://www.lcsc.com/product-detail/Power-Inductors_Sunltech-Tech-SLB1890P6R8MTT_C2842788.html","SamacSys_Parts:L_18.2x18.3mm","1",""
"L4","15uH","https://www.lcsc.com/product-detail/Inductors-SMD_KOHERelec-MDA1365-150M_C2847584.html","SamacSys_Parts:L_12.6x13.5mm","1",""
"L5","L","~","Inductor_SMD:L_Coilcraft_MSS1210-XXX","1",""
"L6","FC-SE2822-220M","https://www.lcsc.com/datasheet/C46553545.pdf?spm=wm.sxq.inf.ggs___wm.fly.bg.6.xh&lcsc_vid=RwdZBFAARgRWUQBfQQALBQAEFVheXlwFFFVeXlBRT1QxVlNRQ1VYUVFRQFRWVzsOAxUeFF5JWBYZEEoKFBINSQcJGk4NBhADEA4cHktXRllfSQwSGg0%3D","Inductor_THT:Choke_Schaffner_RN116-04-22.5x21.5mm","1",""
"LS2","HYG8503A","https://www.sameskydevices.com/product/resource/cmt-8503-85b-smt-tr.pdf","Buzzer_Beeper:MagneticBuzzer_StarMicronics_TMX-H","1",""
"Q1,Q3,Q13,Q15,Q17,Q19,Q22,Q23,Q24","4435B PMOS","https://www.lcsc.com/product-detail/MOSFETs_HL-4435B_C7431441.html","SamacSys_Parts:SOIC127P600X175-8N","9",""
"Q2,Q4,Q11,Q12,Q14,Q16,Q18,Q20","BC817","https://www.onsemi.com/pub/Collateral/BC818-D.pdf","Package_TO_SOT_SMD:SOT-23,Package_TO_SOT_SMD:SOT-23_Handsoldering","8",""
"Q5,Q6,Q8,Q9","IPZ40N04S5L-4R8","https://www.lcsc.com/product-detail/MOSFETs_Infineon-Technologies-IPZ40N04S5L4R8ATMA1_C6969335.html?s_z=n_IPZ40N04S5L-4R8","SamacSys_Parts:IPZ40N04S5L4R8","4",""
"Q7","NCE6005AR","https://ngspice.sourceforge.io/docs/ngspice-html-manual/manual.xhtml#cha_MOSFETs","SamacSys_Parts:SOT230P700X180-4N","1",""
"Q10","BSS138","https://www.onsemi.com/pub/Collateral/BSS138-D.PDF","Package_TO_SOT_SMD:SOT-23","1",""
"Q21,Q25,Q26,Q27","BSZ028N04LS","https://componentsearchengine.com/Datasheets/1/BSZ028N04LS.pdf","BSZ0901NSIATMA1","4",""
"Q28,Q29","SI2301","https://ngspice.sourceforge.io/docs/ngspice-html-manual/manual.xhtml#cha_MOSFETs","Package_TO_SOT_SMD:SOT-23-3","2",""
"Q30","SI2302","https://ngspice.sourceforge.io/docs/ngspice-html-manual/manual.xhtml#cha_MOSFETs","Package_TO_SOT_SMD:SOT-23-3","1",""
"R1,R8,R44,R52,R64,R76,R88","0.05","~","Resistor_SMD:R_2512_6332Metric_Pad1.40x3.35mm_HandSolder","7",""
"R2,R4,R5,R6,R7,R9,R11,R12,R13,R14,R17,R20,R24,R26,R40,R45,R47,R48,R49,R51,R53,R59,R60,R63,R65,R71,R72,R75,R77,R83,R84,R87,R89,R95,R96,R99,R152","100k","~","Resistor_SMD:R_0402_1005Metric_Pad0.72x0.64mm_HandSolder","37",""
"R3,R10,R21,R22,R25,R42,R46,R50,R54,R55,R56,R57,R58,R66,R67,R70,R78,R79,R82,R90,R91,R94,R100,R102,R103,R110,R111,R114,R115,R120,R121,R122,R124,R125,R126,R128,R129,R130,R131,R132,R134,R135,R136","10k","~","Resistor_SMD:R_0402_1005Metric_Pad0.72x0.64mm_HandSolder","43",""
"R18","25","~","Resistor_SMD:R_0402_1005Metric_Pad0.72x0.64mm_HandSolder","1","DNP"
"R19,R23,R112,R116,R123,R133,R147,R148,R153,R154,R155,R156","100","~","Resistor_SMD:R_0402_1005Metric_Pad0.72x0.64mm_HandSolder","12",""
"R27,R37,R41,R69,R73,R80,R81,R92,R97,R98,R104,R105,R106,R107,R145","0","~","Resistor_SMD:R_0402_1005Metric_Pad0.72x0.64mm_HandSolder","15",""
"R28,R29","1","~","Resistor_SMD:R_0402_1005Metric_Pad0.72x0.64mm_HandSolder","2",""
"R32","0.01","~","Resistor_SMD:R_2512_6332Metric","1",""
"R33","102k","~","Resistor_SMD:R_0402_1005Metric_Pad0.72x0.64mm_HandSolder","1","DNP"
"R34","11.3k","~","Resistor_SMD:R_0402_1005Metric_Pad0.72x0.64mm_HandSolder","1","DNP"
"R35","56.2K","~","Resistor_SMD:R_0402_1005Metric_Pad0.72x0.64mm_HandSolder","1",""
"R36","49.9k","~","Resistor_SMD:R_0402_1005Metric_Pad0.72x0.64mm_HandSolder","1",""
"R38","150k","~","Resistor_SMD:R_0402_1005Metric_Pad0.72x0.64mm_HandSolder","1","DNP"
"R39","20k","~","Resistor_SMD:R_0402_1005Metric_Pad0.72x0.64mm_HandSolder","1",""
"R43","120","~","Resistor_SMD:R_0402_1005Metric_Pad0.72x0.64mm_HandSolder","1",""
"R61,R140,R146","5m","~","Resistor_SMD:R_2512_6332Metric","3",""
"R62,R68,R141,R142","10","~","Resistor_SMD:R_0402_1005Metric_Pad0.72x0.64mm_HandSolder","4",""
"R74","2.2","~","Resistor_SMD:R_0402_1005Metric_Pad0.72x0.64mm_HandSolder","1",""
"R85","1M","~","Resistor_SMD:R_0402_1005Metric_Pad0.72x0.64mm_HandSolder","1",""
"R86","180k","~","Resistor_SMD:R_0402_1005Metric_Pad0.72x0.64mm_HandSolder","1",""
"R93,R144","30k","~","Resistor_SMD:R_0402_1005Metric_Pad0.72x0.64mm_HandSolder","2",""
"R101","3.16k","~","Resistor_SMD:R_0402_1005Metric_Pad0.72x0.64mm_HandSolder","1",""
"R108,R109,R113,R117,R118,R119","5k1","~","Resistor_SMD:R_0402_1005Metric_Pad0.72x0.64mm_HandSolder","6",""
"R127","10k","~","Resistor_SMD:R_0402_1005Metric_Pad0.72x0.64mm_HandSolder","1","DNP"
"R137,R138,R139","?","~","Resistor_SMD:R_0402_1005Metric_Pad0.72x0.64mm_HandSolder","3",""
"R143,R149,R150,R157","249k","~","Resistor_SMD:R_0402_1005Metric_Pad0.72x0.64mm_HandSolder","4",""
"R151","165k","~","Resistor_SMD:R_0402_1005Metric_Pad0.72x0.64mm_HandSolder","1",""
"S1,S2,S3,S4","BTSALS4","https://www.lcsc.com/datasheet/C2693628.pdf","myLibrary:BTSALS4","4",""
"SW3,SW4,SW5,SW6,SW7,SW8","SW_Push","https://www.lcsc.com/product-detail/Tactile-Switches_SHOU-HAN-TS6620CJ_C393949.html","Button_Switch_THT:SW_PUSH_6mm_H13mm","6",""
"TH1","Thermistor_NTC","~","Resistor_SMD:R_1206_3216Metric","1",""
"U1,U2,U5,U6,U8,U10,U12","INA226","http://www.ti.com/lit/ds/symlink/ina226.pdf","Package_SO:VSSOP-10_3x3mm_P0.5mm","7",""
"U4","IR2104","https://www.infineon.com/dgdl/ir2104.pdf?fileId=5546d462533600a4015355c7c1c31671","Package_SO:SOIC-8_3.9x4.9mm_P1.27mm","1",""
"U7,U9,U11,U13","74AHC1G08","https://jlcpcb.com/api/file/downloadByFileSystemAccessId/8588893148114530304","Package_TO_SOT_SMD:SOT-23-5","4",""
"U14,U15","TLV75533PDBV","http://www.ti.com/lit/ds/symlink/tlv755p.pdf","Package_TO_SOT_SMD:SOT-23-5","2",""
"U16","ESP32-S3-WROOM-1","https://www.espressif.com/sites/default/files/documentation/esp32-s3-wroom-1_wroom-1u_datasheet_en.pdf","RF_Module:ESP32-S3-WROOM-1","1",""
"U17","USBLC6-2SC6","https://www.st.com/resource/en/datasheet/usblc6-2.pdf","Package_TO_SOT_SMD:SOT-23-6","1",""
